"CHROM","POS","SNP","CHROM_NUM","prec_pcs_10_KB","temp_pcs_10_KB","temp6_10_KB","chain"
"CP018157.1",1624788,"Os900",1,0.999048659911426,0.00564890992187702,0.423722951603528,1
"CP018157.1",1655941,"Os913",1,0.996407151471462,0.00283675108299628,0.399468992062704,1
"CP018157.1",1678342,"Os921",1,0.996797450145009,0.00533919430194091,0.460407479968118,1
"CP018157.1",1783072,"Os938",1,0.997943419268919,0.00612669122246197,0.49602906839291,2
"CP018157.1",1831229,"Os947",1,0.997943419268919,0.00612669122246197,0.49602906839291,2
"CP018157.1",1873322,"Os969",1,0.996612805405193,0.00333501404422676,0.479735338473522,2
"CP018157.1",1884474,"Os975",1,0.997444710398167,0.00323592984390615,0.463473418586111,2
"CP018157.1",1898629,"Os991",1,0.997361777599263,0.0033185071960601,0.457637293424944,2
"CP018157.1",1923552,"Os1004",1,0.996612805405193,0.00400365312558415,0.443438636430591,2
"CP018157.1",1950100,"Os1026",1,0.997227007370116,0.00371399948344743,0.444653615982077,2
"CP018157.1",1968313,"Os1037",1,0.997943419268919,0.00495451975446481,0.466160567727008,2
"CP018157.1",2033907,"Os1047",1,0.996797450145009,0.00623072146002183,0.519615844651617,2
"CP018157.1",2044052,"Os1053",1,0.999048659911426,0.00437912578906096,0.472207334071881,2
"CP018157.1",2069638,"Os1060",1,0.996286299139144,0.00351212589776361,0.472482401756522,2
"CP018157.1",2106858,"Os1083",1,0.996286299139144,0.00428445761476608,0.248766809504451,2
"CP018157.1",2124572,"Os1096",1,0.996286299139144,0.0013357175164557,0.397328060543679,2
"CP018157.1",2144033,"Os1108",1,0.992338832699252,0.00718523951107437,0.28735206713933,2
"CP018157.1",2146675,"Os1114",1,0.996286299139144,0.00164062528747412,0.26927258299445,2
"CP018157.1",2165168,"Os1128",1,0.99182734426956,0.00334864924132837,0.255953586672024,2
"CP018157.1",2177851,"Os1161",1,0.99182734426956,0.00784064624510378,0.368346001389124,2
"CP018157.1",2200062,"Os1165",1,0.996286299139144,0.00196419637580327,0.395177429740515,2
"CP018157.1",2212037,"Os1173",1,0.996797450145009,0.00611529354673873,0.477900450657846,2
"CP018157.1",2221608,"Os1178",1,0.996286299139144,0.00531917270199419,0.378290501127338,2
"CP018157.1",2222039,"Os1179",1,0.996612805405193,0.00454102502320319,0.552381076449924,2
"CP018157.1",4941347,"Os2476",1,0.999585200429571,0.00299158287107914,0.258296530234159,3
"CP018157.1",4953188,"Os2479",1,0.996286299139144,0.00210846854128591,0.247183776922317,3
"CP018157.1",4972878,"Os2482",1,0.996286299139144,0.00885952110180599,0.362358463637752,3
"CP018157.1",4994882,"Os2485",1,0.993106732862004,0.00115049919165851,0.0352475899999889,3
"CP018157.1",5006420,"Os2487",1,0.988417882209635,0.00122042129772166,0.0446321204161704,3
"CP018157.1",5008927,"Os2489",1,0.996286299139144,0.00354883332287381,0.324594448361402,3
"CP018157.1",5058682,"Os2500",1,0.996286299139144,0.00564890992187702,0.104764050756758,3
"CP018157.1",5099483,"Os2505",1,0.996286299139144,0.000594755091900211,0.0197047938492802,3
"CP018157.1",5102243,"Os2507",1,0.996286299139144,0.00199832237735199,0.0197047938492802,3
"CP018157.1",5113657,"Os2509",1,0.996612805405193,0.00112699153257486,0.0333286197168063,3
"CP018157.1",5123940,"Os2511",1,0.996286299139144,0.000311204366244605,0.0167757184305051,3
"CP018157.1",5140757,"Os2513",1,0.99226771437853,0.00533919430194091,0.03274307340822,3
"CP018157.1",5147921,"Os2518",1,0.996286299139144,0.000309339103597111,0.0126780694233419,3
"CP018157.1",5164599,"Os2523",1,0.991372820984638,0.000644476473165941,0.0129146859507909,3
"CP018157.1",5175271,"Os2528",1,0.977641326063803,0.00166220545771788,0.0355330522035889,3
"CP018157.1",5186583,"Os2529",1,0.996286299139144,0.000623349440065624,0.00854023162580132,3
"CP018157.1",5189804,"Os2531",1,0.973815887997614,0.00644256246989238,0.245567294608716,3
"CP018157.1",5203132,"Os2534",1,0.996286299139144,0.00071695488363014,0.011648226997012,3
"CP018157.1",5203325,"Os2535",1,0.973456557094283,0.00533919430194091,0.260801571900405,3
"CP018157.1",5214348,"Os2538",1,0.97447650008329,0.00343870222754821,0.271893393781591,3
"CP018157.1",5216244,"Os2539",1,0.996286299139144,0.000311204366244605,0.0111580819712178,3
"CP018157.1",5231789,"Os2545",1,0.996286299139144,0.000644476473165941,0.0109357489290745,3
"CP018157.1",5254005,"Os2550",1,0.996779734801463,0.000174582814734859,0.00656363116267154,3
"CP018157.1",5265312,"Os2552",1,0.996286299139144,0.000214709593207803,0.00782480162588127,3
"CP018157.1",5281292,"Os2556",1,0.996286299139144,0.000236014749132893,0.00387505617298214,3
"CP018157.1",5303033,"Os2564",1,0.997177958889555,0.00112395721137802,0.024587156784113,3
"CP018157.1",5308948,"Os2568",1,0.996286299139144,0.00168673944136794,0.045785867671886,3
"CP018157.1",5317354,"Os2571",1,0.996928126298777,0.000567799933927205,0.0251146365328629,3
"CP018157.1",5318857,"Os2572",1,0.996612805405193,0.00806061211242498,0.130136176632892,3
"CP018157.1",5323500,"Os2574",1,0.996295113346242,0.00564890992187702,0.525753926928949,3
"CP018157.1",5329401,"Os2576",1,0.997943419268919,0.00180984313113405,0.0506467303847175,3
"CP018157.1",5331343,"Os2579",1,0.996286299139144,0.00322723579502853,0.0663403320832075,3
"CP018157.1",5343573,"Os2581",1,0.996286299139144,0.00263796379444487,0.0546706361990486,3
"CP018157.1",5350959,"Os2585",1,0.996286299139144,0.00160126774305924,0.0499964496116278,3
"CP018157.1",5361161,"Os2589",1,0.996286299139144,0.000508013764310471,0.0197047938492802,3
"CP018157.1",5408087,"Os2605",1,0.977641326063803,0.00536512088387552,0.0581964332388393,3
"CP018157.1",5422153,"Os2608",1,0.973815887997614,0.00437912578906096,0.0581964332388393,3
"CP018157.1",5429218,"Os2611",1,0.997390349011154,0.000214709593207803,0.00857331396262572,3
"CP018157.1",5462328,"Os2623",1,0.996286299139144,0.000379723262435332,0.0139536578852797,3
"CP018157.1",5465953,"Os2625",1,0.97328323017126,0.00588697452307224,0.17456110933838,3
"CP018157.1",5473521,"Os2628",1,0.996286299139144,0.000214709593207803,0.0126780694233419,3
"CP018157.1",5488908,"Os2633",1,0.973115203740634,0.00490223377574027,0.144654235391963,3
"CP018157.1",5495147,"Os2638",1,0.99339712513018,9.03914185526481e-06,0.000638906081965457,3
"CP018157.1",5511205,"Os2639",1,0.994686931968835,9.96224553587611e-06,0.000750612955269683,3
"CP018157.1",5512280,"Os2640",1,0.989560267406041,0.000438344620802803,0.0126780694233419,3
"CP018157.1",5515966,"Os2644",1,0.996286299139144,0.000528449704660096,0.0251146365328629,3
"CP018157.1",5516230,"Os2646",1,0.996286299139144,0.00137629947539974,0.0365386463170978,3
"CP018157.1",5523013,"Os2650",1,0.996286299139144,1.07357454252112e-06,5.03111011007602e-05,3
"CP018157.1",5531772,"Os2655",1,0.997979474860578,0.00484946241865299,0.0787055665850222,3
"CP018157.1",5537324,"Os2663",1,0.996612805405193,1.54978409359559e-05,0.000615379273062495,3
"CP018157.1",5547921,"Os2669",1,0.996286299139144,3.94810382282936e-07,8.3214580492052e-06,3
"CP018157.1",5562703,"Os2676",1,0.996286299139144,3.8973435320527e-07,8.3214580492052e-06,3
"CP018157.1",5573476,"Os2685",1,0.996286299139144,1.07357454252112e-06,1.87005014597529e-05,3
"CP018157.1",5583037,"Os2689",1,0.973236506682274,0.00200379434772537,0.03274307340822,3
"CP018157.1",5586378,"Os2691",1,0.996286299139144,4.54235890799203e-07,1.44624240653984e-05,3
"CP018157.1",19211027,"Os8978",1,0.996286299139144,0.00527869128383958,0.552381076449924,4
"CP018157.1",19231093,"Os8997",1,0.996612805405193,0.00196419637580327,0.480104601036401,4
"CP018157.1",19300334,"Os9017",1,0.996612805405193,0.00437912578906096,0.568597945894003,4
"CP018157.1",19357642,"Os9046",1,0.999048659911426,0.00623072146002183,0.663428742105726,4
"CP018157.1",19735256,"Os9337",1,0.996286299139144,0.00782946609987347,0.614239422026561,5
"CP018157.1",19828353,"Os9448",1,0.996779734801463,0.00899183868170111,0.615537103898389,5
"CP018157.1",19847952,"Os9460",1,0.996779734801463,0.00402131627494578,0.663428742105726,5
"CP018157.1",19871695,"Os9480",1,0.997177958889555,0.00612669122246197,0.6778221674451,5
"CP018157.1",19888826,"Os9490",1,0.997177958889555,0.00642807264680412,0.678790289204204,5
"CP018157.1",19899374,"Os9499",1,0.996779734801463,0.00402131627494578,0.663428742105726,5
"CP018157.1",19937559,"Os9526",1,0.996286299139144,0.00531917270199419,0.654131188110601,5
"CP018157.1",19947848,"Os9537",1,0.997390349011154,0.00255010900558628,0.594010355559932,5
"CP018157.1",19969766,"Os9551",1,0.999052979175652,0.00258483196373012,0.591945147590169,5
"CP018157.1",19989707,"Os9561",1,0.997390349011154,0.00255010900558628,0.594010355559932,5
"CP018157.1",24101394,"Os11843",1,0.996612805405193,0.00298223125479001,0.566250447843041,6
"CP018157.1",31246403,"Os14736",1,0.973115203740634,0.00685061609675381,0.463734231069061,7
"CP018157.1",31253637,"Os14739",1,0.996286299139144,0.000279281108628251,0.368760316755088,7
"CP018157.1",31280945,"Os14750",1,0.994225365138156,0.00167541823625653,0.410064310470432,7
"CP018157.1",31288080,"Os14753",1,0.996286299139144,0.000438344620802803,0.396222685440523,7
"CP018157.1",31293643,"Os14757",1,0.996286299139144,0.00258483196373012,0.444224224729283,7
"CP018157.1",31306758,"Os14763",1,0.996797450145009,0.00685061609675381,0.443438636430591,7
"CP018157.1",31328624,"Os14776",1,0.996779734801463,0.00669507316921013,0.438822356781276,7
"CP018157.1",31333708,"Os14777",1,0.989426923168713,0.00189097166736229,0.423879321660978,7
"CP018157.1",31334383,"Os14778",1,0.996286299139144,0.000280757228253415,0.436284622401615,7
"CP018157.1",31347519,"Os14784",1,0.997973478977501,0.000280757228253415,0.384807270181634,7
"CP018157.1",31365360,"Os14792",1,0.996286299139144,0.0010702925800753,0.41644353560496,7
"CP018157.1",31382171,"Os14805",1,0.996286299139144,0.000639268624184838,0.375049719372354,7
"CP018157.1",31386926,"Os14808",1,0.992338832699252,0.00281280458304947,0.656536510600379,7
"CP018157.1",31397584,"Os14815",1,0.996286299139144,0.000309339103597111,0.323180651447426,7
"CP018157.1",31411939,"Os14823",1,0.996286299139144,0.000256248193614388,0.24152748409715,7
"CP018157.1",31424889,"Os14828",1,0.996286299139144,0.000236014749132893,0.303104444211064,7
"CP018157.1",31445546,"Os14843",1,0.996286299139144,0.000308734300415921,0.430878130116974,7
"CP018157.1",31455819,"Os14847",1,0.996286299139144,0.000236014749132893,0.303104444211064,7
"CP018157.1",31466503,"Os14854",1,0.996286299139144,0.000236014749132893,0.303104444211064,7
"CP018157.1",31472292,"Os14857",1,0.999585200429571,0.0080309937129431,0.384050409650137,7
"CP018157.1",31476582,"Os14860",1,0.99372859537617,0.00122228986803366,0.618843700978173,7
"CP018157.1",31479239,"Os14861",1,0.996286299139144,0.000311204366244605,0.353257518460209,7
"CP018157.1",31491855,"Os14866",1,0.996286299139144,0.000993706394002378,0.425170402588057,7
"CP018157.1",31506410,"Os14875",1,0.99372859537617,0.00122228986803366,0.618843700978173,7
"CP018157.1",31509715,"Os14880",1,0.996286299139144,0.000311204366244605,0.353257518460209,7
"CP018157.1",31523691,"Os14889",1,0.996286299139144,0.000421164852404969,0.285111204310044,7
"CP018157.1",31539707,"Os14906",1,0.996286299139144,0.000311204366244605,0.353257518460209,7
"CP018157.1",31549839,"Os14910",1,0.996286299139144,0.000236014749132893,0.303104444211064,7
"CP018157.1",31572907,"Os14923",1,0.996286299139144,0.000567799933927205,0.412181801317714,7
"CP018157.1",31585149,"Os14928",1,0.996286299139144,0.000236014749132893,0.303104444211064,7
"CP018157.1",31608967,"Os14938",1,0.996286299139144,0.00222606876136475,0.444653615982077,7
"CP018157.1",31609563,"Os14940",1,0.997362251436644,0.00968903865362386,0.570013637909658,7
"CP018157.1",31609816,"Os14941",1,0.989560267406041,0.00413186104113999,0.49160875866238,7
"CP018157.1",31629649,"Os14948",1,0.996286299139144,0.0011912945963437,0.407626782976908,7
"CP018157.1",31655131,"Os14968",1,0.996286299139144,0.00094241372292056,0.389127128373888,7
"CP018157.1",31670557,"Os14973",1,0.996286299139144,0.00124399335489563,0.31890903138772,7
"CP018157.1",31685288,"Os14984",1,0.996286299139144,0.0010362267679925,0.331061552690784,7
"CP018157.1",31700859,"Os14991",1,0.996286299139144,0.000421164852404969,0.258296530234159,7
"CP018157.1",31732577,"Os15014",1,0.996286299139144,0.00109317863877425,0.332714867740349,7
"CP018157.1",31743999,"Os15022",1,0.996286299139144,0.00137099497812574,0.309392465732453,7
"CP018157.1",31759800,"Os15027",1,0.996286299139144,0.000594755091900211,0.285111204310044,7
"CP018157.1",31772205,"Os15038",1,0.996286299139144,0.000594755091900211,0.285111204310044,7
"CP018157.1",31782490,"Os15048",1,0.996797450145009,0.00611529354673873,0.414639437194096,7
"CP018157.1",31788155,"Os15058",1,0.996286299139144,0.00141267087474006,0.323499939212638,7
"CP018157.1",31798881,"Os15061",1,0.996286299139144,0.000594755091900211,0.285111204310044,7
"CP018157.1",31809300,"Os15067",1,0.996286299139144,0.000594755091900211,0.285111204310044,7
"CP018157.1",31822349,"Os15077",1,0.996286299139144,0.000594755091900211,0.285111204310044,7
"CP018157.1",31843551,"Os15089",1,0.996286299139144,0.000520213175410058,0.265430532778541,7
"CP018157.1",31853604,"Os15093",1,0.996286299139144,0.000594755091900211,0.285111204310044,7
"CP018157.1",31868509,"Os15101",1,0.996286299139144,0.000594755091900211,0.285111204310044,7
"CP018157.1",31885835,"Os15110",1,0.996286299139144,0.00170954989012967,0.376760766345467,7
"CP018157.1",31905651,"Os15122",1,0.999413031359325,0.00035076379659631,0.310448560050824,7
"CP018157.1",31907268,"Os15126",1,0.996286299139144,0.00106700330827965,0.319103674420119,7
"CP018157.1",31923447,"Os15138",1,0.996286299139144,0.0013357175164557,0.345459808259172,7
"CP018157.1",31965989,"Os15154",1,0.996286299139144,0.00035076379659631,0.185425532038864,7
"CP018157.1",31991736,"Os15167",1,0.996779734801463,0.000635034939067937,0.285406734523367,7
"CP018157.1",32016431,"Os15177",1,0.996797450145009,0.000667892696865714,0.274997449417644,7
"CP018157.1",32032814,"Os15185",1,0.996797450145009,0.00180984313113405,0.322246042767528,7
"CP018157.1",32054346,"Os15197",1,0.996797450145009,0.000918331639122417,0.303437611463501,7
"CP018157.1",32067427,"Os15205",1,0.997375989835971,0.000594755091900211,0.271893393781591,7
"CP018157.1",32078202,"Os15214",1,0.997375989835971,0.000594755091900211,0.271893393781591,7
"CP018157.1",32101535,"Os15226",1,0.998472590167875,0.00128712350151302,0.31698524182882,7
"CP018157.1",32128559,"Os15240",1,0.996779734801463,0.000407623239964428,0.2581216316849,7
"CP018157.1",32160464,"Os15258",1,0.996286299139144,0.000214709593207803,0.201068711967689,7
"CP018157.1",32176413,"Os15269",1,0.999048659911426,0.000234976052256083,0.24930487072345,7
"CP018157.1",32193037,"Os15276",1,0.996779734801463,0.00028108961069565,0.21625001223333,7
"CP018157.1",32211036,"Os15285",1,0.999958606902196,0.00032315843755595,0.269877784723871,7
"CP018157.1",32233047,"Os15294",1,0.989426923168713,0.000322758642918157,0.146507949665004,7
"CP018157.1",32252117,"Os15305",1,0.997177958889555,0.000309339103597111,0.261333659261958,7
"CP018157.1",32265569,"Os15312",1,0.997682178812749,0.00023801463828634,0.233776285485601,7
"CP018157.1",32295211,"Os15323",1,0.998346338910582,0.000714990963316549,0.265381504013119,7
"CP018157.1",32306482,"Os15330",1,0.997390349011154,0.00094241372292056,0.34304654682277,7
"CP018157.1",32320297,"Os15338",1,0.996286299139144,0.000394072831303031,0.247548520559536,7
"CP018157.1",32330788,"Os15346",1,0.997682178812749,0.00023801463828634,0.233776285485601,7
"CP018157.1",32349377,"Os15354",1,0.996286299139144,0.000738249264065822,0.357908153355466,7
"CP018157.1",32362332,"Os15361",1,0.998095383452608,0.000214709593207803,0.250026151217725,7
"CP018157.1",32378767,"Os15372",1,0.996779734801463,0.00170954989012967,0.44341232791524,7
"CP018157.1",32395741,"Os15376",1,0.996419446437474,0.0049908953442252,0.498028179911527,7
"CP018157.1",32421454,"Os15382",1,0.996797450145009,0.00146921884494156,0.397328060543679,7
"CP018157.1",32438115,"Os15387",1,0.997390349011154,0.00119928912680657,0.407925767851177,7
"CP018157.1",32455677,"Os15391",1,0.997390349011154,0.00119928912680657,0.407925767851177,7
"CP018157.1",32466042,"Os15395",1,0.996797450145009,0.000338881551440507,0.28007080136681,7
"CP018157.1",32488643,"Os15404",1,0.997390349011154,0.000256248193614388,0.278127828193312,7
"CP018157.1",32491850,"Os15407",1,0.996612805405193,0.00188408109716951,0.407909372453841,7
"CP018157.1",32504513,"Os15411",1,0.999585200429571,0.00035076379659631,0.322096542190429,7
"CP018157.1",32521565,"Os15415",1,0.996797450145009,0.000338881551440507,0.28007080136681,7
"CP018157.1",32533193,"Os15419",1,0.997943419268919,0.000214709593207803,0.231074758342127,7
"CP018157.1",32547494,"Os15425",1,0.998095383452608,0.000214709593207803,0.250026151217725,7
"CP018157.1",32564079,"Os15428",1,0.997444710398167,0.000214709593207803,0.233629217346346,7
"CP018157.1",32578726,"Os15435",1,0.997390349011154,0.00028108961069565,0.25867199193826,7
"CP018157.1",32599041,"Os15441",1,0.999301285353299,0.000279281108628251,0.28668653135871,7
"CP018157.1",32612959,"Os15447",1,0.998095383452608,0.000214709593207803,0.250026151217725,7
"CP018157.1",32625707,"Os15454",1,0.999301285353299,0.000279281108628251,0.28668653135871,7
"CP018157.1",32638486,"Os15457",1,0.996779734801463,0.000214709593207803,0.344029103723491,7
"CP018157.1",32659333,"Os15462",1,0.996779734801463,0.000714990963316549,0.412109956773988,7
"CP018157.1",32670744,"Os15468",1,0.996797450145009,0.000174582814734859,0.303437611463501,7
"CP018157.1",32685585,"Os15475",1,0.996286299139144,0.00102556307451798,0.375739925356702,7
"CP018157.1",32692374,"Os15479",1,0.996779734801463,0.000714990963316549,0.412109956773988,7
"CP018157.1",32710770,"Os15484",1,0.996612805405193,0.000236014749132893,0.345268421214612,7
"CP018157.1",32714584,"Os15488",1,0.996286299139144,0.00023801463828634,0.342394556846593,7
"CP018157.1",32725890,"Os15490",1,0.996797450145009,0.000174582814734859,0.303437611463501,7
"CP018157.1",32736197,"Os15496",1,0.999222066965051,0.000206681900988053,0.121267283393907,7
"CP018157.1",32740582,"Os15499",1,0.996286299139144,0.000174582814734859,0.26963084499915,7
"CP018157.1",32756382,"Os15507",1,0.996286299139144,9.64878448150316e-05,0.165556243120079,7
"CP018157.1",32759516,"Os15509",1,0.996779734801463,0.000286637711895612,0.165505968647511,7
"CP018157.1",32767907,"Os15513",1,0.996612805405193,0.000214709593207803,0.332598044926167,7
"CP018157.1",32770834,"Os15515",1,0.996286299139144,0.000120217715996591,0.255282105239843,7
"CP018157.1",32884030,"Os15547",1,0.999048659911426,0.000214709593207803,0.280874673649024,8
"CP018157.1",32894817,"Os15552",1,0.996797450145009,0.000214709593207803,0.287480191660444,8
"CP018157.1",32932626,"Os15559",1,0.999413031359325,0.000234976052256083,0.259587934350905,8
"CP018157.1",32944051,"Os15567",1,0.996286299139144,0.000714990963316549,0.349282910571457,8
"CP018157.1",32951096,"Os15571",1,0.996779734801463,0.000358231947321913,0.322246042767528,8
"CP018157.1",32961298,"Os15575",1,0.996779734801463,0.000256248193614388,0.273344571536233,8
"CP018157.1",32972181,"Os15578",1,0.999048659911426,0.000254563300132364,0.296435228010731,8
"CP018157.1",32996327,"Os15590",1,0.999585200429571,0.000421164852404969,0.312934968604581,8
"CP018157.1",33009926,"Os15597",1,0.997390349011154,0.000236014749132893,0.277930034260516,8
"CP018157.1",33024143,"Os15598",1,0.996779734801463,0.000245904720145418,0.288302122128485,8
"CP018157.1",33039705,"Os15603",1,0.999869610233922,0.000308734300415921,0.287480191660444,8
"CP018157.1",33041434,"Os15606",1,0.996797450145009,0.00299158287107914,0.501976673216092,8
"CP018157.1",33051918,"Os15611",1,0.996612805405193,0.000307584700853099,0.277930034260516,8
"CP018157.1",33052146,"Os15613",1,0.996797450145009,0.000214709593207803,0.259587934350905,8
"CP018157.1",33067441,"Os15617",1,0.999585200429571,0.000180903982098661,0.259587934350905,8
"CP018157.1",33090603,"Os15623",1,0.996779734801463,0.00023801463828634,0.294713836191459,8
"CP018157.1",33182079,"Os15646",1,0.999222066965051,0.000214709593207803,0.2283635276354,8
"CP018157.1",33946575,"Os15838",1,0.668644640326733,0.00314692275070479,0.444653615982077,9
"CP018157.1",33957464,"Os15840",1,0.749196744678881,0.00448595432021594,0.472482401756522,9
"CP018157.1",33969103,"Os15846",1,0.495182906391744,0.000309339103597111,0.241954768491558,9
"CP018157.1",33982606,"Os15853",1,0.738051390596148,0.00222297017341919,0.355913884776934,9
"CP018157.1",33994740,"Os15856",1,0.738051390596148,0.00222297017341919,0.355913884776934,9
"CP018157.1",34012288,"Os15866",1,0.973115203740634,0.00541918939244081,0.3570179373204,9
"CP018157.1",34018816,"Os15873",1,0.943387779283233,0.00200399353491461,0.381839372990731,9
"CP018157.1",34020203,"Os15874",1,0.98256855186102,0.00293147385181701,0.431529244978387,9
"CP018157.1",34085192,"Os15907",1,0.973236506682274,0.00413186104113999,0.603290910436553,9
"CP018158.1",4784750,"Os23052",2,0.973783082716746,0.00830140536756216,0.0747189214308883,10
"CP018158.1",7827292,"Os24723",2,0.996286299139144,0.000500550668470196,0.273344571536233,11
"CP018158.1",7861933,"Os24736",2,0.996286299139144,0.00630240000489472,0.517890079774539,11
"CP018159.1",27651957,"Os49696",3,0.996286299139144,0.00437912578906096,0.482311006477004,12
"CP018159.1",29809748,"Os50262",3,0.996286299139144,0.000120217715996591,0.0251146365328629,13
"CP018159.1",31916979,"Os51164",3,0.996286299139144,0.00451744746454152,0.286321556230823,14
"CP018159.1",34666065,"Os52380",3,0.997943419268919,0.00290742900542921,0.25867199193826,15
"CP018159.1",34739614,"Os52404",3,0.996928126298777,0.00350107439622946,0.237559832457582,15
"CP018159.1",34758252,"Os52407",3,0.996928126298777,0.00350107439622946,0.237559832457582,15
"CP018159.1",35177444,"Os52513",3,0.996319202058766,0.000391097551855607,0.179716322228936,16
"CP018159.1",35320739,"Os52535",3,0.996286299139144,0.00168673944136794,0.139756507574494,17
"CP018160.1",13148381,"Os64132",4,0.973115203740634,0.00591899638749185,0.110458305551217,18
"CP018160.1",13232792,"Os64168",4,0.973115203740634,0.00555179360906622,0.12098213171848,18
"CP018160.1",19599805,"Os66375",4,0.982419801437654,0.000214709593207803,0.0324375189002936,19
"CP018160.1",24217339,"Os69859",4,0.996286299139144,0.00290742900542921,0.190775574928209,20
"CP018160.1",24289868,"Os69917",4,0.998488776481005,0.00306304238178533,0.0680864747883971,20
"CP018160.1",24314280,"Os69927",4,0.998488776481005,0.00306304238178533,0.0680864747883971,20
"CP018160.1",24427860,"Os70013",4,0.982771228621251,0.002974368584733,0.0915345342607756,21
"CP018160.1",24444802,"Os70024",4,0.996286299139144,0.00153831806894269,0.045785867671886,21
"CP018160.1",24545925,"Os70073",4,0.959184870222427,0.00413186104113999,0.0836996364942818,22
"CP018160.1",24651353,"Os70117",4,0.996286299139144,0.00174176555482065,0.0448832111365304,23
"CP018160.1",24670150,"Os70123",4,0.996286299139144,0.00806061211242498,0.133005483948114,23
"CP018160.1",24715102,"Os70136",4,0.996286299139144,0.00166332924856496,0.0355330522035889,23
"CP018160.1",24769420,"Os70158",4,0.938291697606427,0.00396524884930037,0.0918281768025568,23
"CP018160.1",24828264,"Os70178",4,0.897021319297055,0.00885952110180599,0.0865550651026649,23
"CP018160.1",24830284,"Os70180",4,0.996286299139144,0.00272187908873101,0.0448832111365304,23
"CP018160.1",24852862,"Os70189",4,0.938628500878016,0.0032648671773162,0.0802656379982823,23
"CP018160.1",24896809,"Os70198",4,0.996286299139144,0.00124399335489563,0.0378871541954205,23
"CP018160.1",24985305,"Os70227",4,0.996286299139144,0.000970040293552054,0.038534835362835,23
"CP018160.1",25046424,"Os70250",4,0.934429439074366,0.00564890992187702,0.141232773820188,23
"CP018160.1",25215764,"Os70308",4,0.996295113346242,0.00255034243139941,0.0491693050921686,24
"CP018160.1",25338261,"Os70346",4,0.973236506682274,0.00608631593890021,0.143258909255988,25
"CP018160.1",25378062,"Os70359",4,0.996779734801463,0.0011912945963437,0.0474372599732642,25
"CP018160.1",25388227,"Os70363",4,0.996612805405193,0.000918331639122417,0.045785867671886,25
"CP018160.1",25480665,"Os70401",4,0.996286299139144,0.00119928912680657,0.0581964332388393,25
"CP018160.1",25690503,"Os70462",4,0.996612805405193,0.00451744746454152,0.0518608071218308,26
"CP018160.1",25727735,"Os70476",4,0.996797450145009,0.00451744746454152,0.0518608071218308,26
"CP018160.1",25761919,"Os70490",4,0.996612805405193,0.00293147385181701,0.0543211988934657,26
"CP018160.1",25844500,"Os70518",4,0.996612805405193,0.00670863347835219,0.0518608071218308,26
"CP018160.1",25946986,"Os70561",4,0.997169426256438,0.00624138379082382,0.051391209552131,27
"CP018160.1",25971247,"Os70573",4,0.996797450145009,0.00511451960917858,0.045785867671886,27
"CP018160.1",26122474,"Os70609",4,0.996286299139144,0.000196362037982083,0.0261045500785007,28
"CP018160.1",26207810,"Os70618",4,0.996286299139144,0.000207497452043852,0.0320100669848845,28
"CP018160.1",26249206,"Os70624",4,0.996286299139144,0.00035076379659631,0.0355330522035889,28
"CP018160.1",26267480,"Os70627",4,0.996286299139144,0.000479001689649408,0.0377198218594799,28
"CP018160.1",26282752,"Os70633",4,0.996286299139144,0.00043299729084104,0.038534835362835,28
"CP018160.1",26325268,"Os70638",4,0.996286299139144,0.000214709593207803,0.0355330522035889,28
"CP018160.1",26345039,"Os70645",4,0.996928126298777,0.00315182919192782,0.0518608071218308,28
"CP018160.1",26348706,"Os70647",4,0.996286299139144,0.000214709593207803,0.031606285895022,28
"CP018160.1",26360054,"Os70650",4,0.996286299139144,0.000196362037982083,0.0261045500785007,28
"CP018160.1",26413330,"Os70660",4,0.997973478977501,0.000714990963316549,0.045785867671886,28
"CP018160.1",26455486,"Os70668",4,0.996797450145009,0.000432261633952825,0.0372422846658931,28
"CP018160.1",26478577,"Os70673",4,0.996779734801463,0.000567799933927205,0.0405665873816751,28
"CP018160.1",26534314,"Os70684",4,0.996779734801463,0.000567799933927205,0.0405665873816751,28
"CP018160.1",26560804,"Os70687",4,0.996797450145009,0.000438344620802803,0.0377198218594799,28
"CP018160.1",26583245,"Os70692",4,0.996779734801463,0.000567799933927205,0.0405665873816751,28
"CP018160.1",26601403,"Os70697",4,0.997282591317589,0.00164062528747412,0.0470116388384005,28
"CP018160.1",26601638,"Os70698",4,0.996612805405193,0.00448835330765537,0.038534835362835,28
"CP018160.1",26650744,"Os70709",4,0.996797450145009,0.00171837492957964,0.045785867671886,28
"CP018160.1",26669064,"Os70713",4,0.996612805405193,0.00244847992402648,0.0446321204161704,28
"CP018160.1",26692203,"Os70721",4,0.996612805405193,0.00244847992402648,0.0446321204161704,28
"CP018160.1",27566539,"Os70964",4,0.996286299139144,0.00448835330765537,0.0492675932435976,29
"CP018160.1",27914898,"Os71066",4,0.996286299139144,0.00104148505325961,0.045785867671886,30
"CP018160.1",27931646,"Os71071",4,0.996286299139144,0.00121824872618821,0.0495394414664181,30
"CP018160.1",28004036,"Os71096",4,0.996286299139144,0.00209890509160796,0.0557029784870266,30
"CP018160.1",28112069,"Os71137",4,0.996612805405193,0.00437912578906096,0.0639622940654389,31
"CP018160.1",28126205,"Os71145",4,0.996612805405193,0.00371399948344743,0.0585289978415882,31
"CP018160.1",28141408,"Os71147",4,0.996286299139144,0.00280016652754696,0.0546706361990486,31
"CP018160.1",28177677,"Os71175",4,0.996286299139144,0.00371399948344743,0.0680567189770828,31
"CP018160.1",28268983,"Os71236",4,0.996286299139144,0.00280016652754696,0.0691986050626824,31
"CP018160.1",28288750,"Os71246",4,0.996286299139144,0.00347418487030164,0.0817698777079119,31
"CP018160.1",28326383,"Os71262",4,0.996779734801463,0.00531917270199419,0.0830636022139801,31
"CP018160.1",28586845,"Os71364",4,0.996286299139144,0.00564890992187702,0.133764404540167,32
"CP018160.1",28615220,"Os71380",4,0.982951812614219,0.0032648671773162,0.110600142305739,32
"CP018161.1",673972,"Os76251",5,0.976645796800486,0.0093001135040092,0.0781805980895433,33
"CP018161.1",676852,"Os76258",5,0.972064104170133,0.00691801817161185,0.134220678382148,33
"CP018161.1",697360,"Os76279",5,0.999222066965051,0.00531917270199419,0.0663403320832075,33
"CP018161.1",1582926,"Os76943",5,0.996286299139144,0.00696343087746989,0.482311006477004,34
"CP018162.1",2010473,"Os88989",6,0.996286299139144,0.00260183414354593,0.460049076273922,35
"CP018162.1",2818948,"Os89170",6,0.973115203740634,0.00669507316921013,0.0197047938492802,36
"CP018162.1",11201209,"Os93890",6,0.973115203740634,0.00952144036888381,0.972405039221269,37
"CP018162.1",11564726,"Os94010",6,0.973236506682274,0.0086634798562333,0.996198430715895,38
"CP018162.1",11654613,"Os94036",6,0.983742894551111,0.0050694542742201,0.988475364450649,38
"CP018162.1",11701291,"Os94054",6,0.973236506682274,0.0086634798562333,0.996198430715895,38
"CP018162.1",12212094,"Os94231",6,0.993782302836319,0.00343870222754821,0.576330170711991,39
"CP018162.1",31773223,"Os100385",6,0.996797450145009,0.00630240000489472,0.337703948493971,40
"CP018162.1",31834800,"Os100406",6,0.996286299139144,0.00438785961378425,0.305776743421937,40
"CP018163.1",15933709,"Os105987",7,0.996286299139144,0.00669507316921013,0.0728118619553332,41
"CP018163.1",16694962,"Os106238",7,0.996286299139144,0.000366488331862982,0.0315887331634566,42
"CP018163.1",17254221,"Os106607",7,0.997390349011154,0.000667892696865714,0.0625899134411189,43
"CP018163.1",17293499,"Os106635",7,0.996779734801463,0.000311204366244605,0.0473266272144681,43
"CP018163.1",17651197,"Os106799",7,0.996612805405193,0.000280757228253415,0.0518608071218308,44
"CP018163.1",17703937,"Os106842",7,0.996797450145009,0.00283675108299628,0.0333286197168063,44
"CP018163.1",17738025,"Os106852",7,0.996286299139144,0.000394072831303031,0.0492675932435976,44
"CP018163.1",24216193,"Os110578",7,0.981622545409127,0.00806061211242498,0.398231158509314,45
"CP018163.1",25028303,"Os110805",7,0.976866519331134,0.00694283174134886,0.133764404540167,46
"CP018163.1",25041594,"Os110808",7,0.97328323017126,0.00483031123391101,0.114421359326851,46
"CP018164.1",576464,"Os112885",8,0.999413031359325,0.00614097859106208,0.117935366384204,47
"CP018164.1",797209,"Os113159",8,0.997358705115765,0.00318568441772239,0.0976987115314825,48
"CP018164.1",819714,"Os113165",8,0.996286299139144,0.00612669122246197,0.132082397609073,48
"CP018164.1",27483285,"Os126207",8,0.996286299139144,0.00396524884930037,0.428998179595095,49
"CP018166.1",21846594,"Os146804",10,0.992338832699252,0.00437912578906096,0.245483155489247,50
"CP018166.1",21901329,"Os146823",10,0.973236506682274,0.0023480085147673,0.154543921482117,50
"CP018166.1",22328069,"Os146945",10,0.985174796792723,0.00897308624126811,0.251007810273772,51
"CP018166.1",22353806,"Os146953",10,0.986276245340235,0.00952144036888381,0.244319681016308,51
"CP018167.1",1793715,"Os147899",11,0.996286299139144,0.00685061609675381,0.582534519893834,52
"CP018167.1",1898325,"Os147924",11,0.987202226236245,0.00167541823625653,0.49602906839291,53
"CP018167.1",2033767,"Os147963",11,0.996286299139144,0.00571744607896537,0.653806128695026,54
"CP018167.1",2047453,"Os147968",11,0.996286299139144,0.00571510536783679,0.635364970688187,54
"CP018167.1",2062142,"Os147971",11,0.996286299139144,0.000950639045976952,0.520814509364343,54
"CP018167.1",2086015,"Os147977",11,0.996286299139144,0.00806061211242498,0.682317165002182,54
"CP018167.1",2236283,"Os148075",11,0.96333785554857,0.00648509647313171,0.351016895335156,55
"CP018167.1",2276388,"Os148104",11,0.996286299139144,0.00172605567240824,0.410945369588894,55
"CP018167.1",6929907,"Os151399",11,0.984306872623141,0.00463421685391922,0.855456799509126,56
"CP018167.1",25119628,"Os163131",11,0.973236506682274,0.00782946609987347,0.0752190972694623,57
"CP018167.1",29216715,"Os167187",11,0.999676272941507,0.00166332924856496,0.444653615982077,58
"CP018167.1",30430993,"Os169181",11,0.59260553739311,0.00722607237764731,0.134220678382148,59
"CP018167.1",31431494,"Os170326",11,0.989560267406041,0.00550246554993405,0.221471664534238,60
"CP018168.1",19152260,"Os180890",12,0.853672141489215,0.00322723579502853,0.216433086383628,61
"CP018168.1",26358519,"Os184242",12,0.996286299139144,0.00331944654864151,0.845007190724428,62
